{"cameraMode":{"drawMode":0,"name":"Shaded","section":"Shading Mode"},"sceneLighting":false,"audioPlay":false,"sceneViewState":{"m_AlwaysRefresh":false,"showFog":false,"showSkybox":false,"showFlares":false,"showImageEffects":false,"showParticleSystems":false,"showVisualEffectGraphs":true,"m_FxEnabled":true},"in2DMode":false,"pivot":{"x":0.29512277245521548,"y":0.9232921004295349,"z":-1.5696715116500855},"rotation":{"x":-0.004387340508401394,"y":-0.9955756068229675,"z":0.07211526483297348,"w":-0.060692887753248218},"size":1.6397755146026612,"orthographic":false}