{"cameraMode":{"drawMode":0,"name":"Shaded","section":"Shading Mode"},"sceneLighting":false,"audioPlay":false,"sceneViewState":{"m_AlwaysRefresh":false,"showFog":true,"showSkybox":false,"showFlares":true,"showImageEffects":true,"showParticleSystems":true,"showVisualEffectGraphs":true,"m_FxEnabled":true},"in2DMode":false,"pivot":{"x":-0.3606838583946228,"y":1.5609670877456666,"z":0.6492100358009338},"rotation":{"x":-0.035414524376392367,"y":-0.9510595202445984,"z":0.11902277171611786,"w":-0.2829832434654236},"size":0.23103536665439607,"orthographic":false}