{"cameraMode":{"drawMode":0,"name":"Shaded","section":"Shading Mode"},"sceneLighting":false,"audioPlay":false,"sceneViewState":{"m_AlwaysRefresh":false,"showFog":true,"showSkybox":false,"showFlares":true,"showImageEffects":true,"showParticleSystems":true,"showVisualEffectGraphs":true,"m_FxEnabled":true},"in2DMode":false,"pivot":{"x":984.5399169921875,"y":616.190185546875,"z":62.0950927734375},"rotation":{"x":-0.05577988922595978,"y":-0.0038970757741481067,"z":0.00021653925068676472,"w":-0.9984349012374878},"size":673.0836181640625,"orthographic":false}